{
    "transformer": {
        "annual_return": 0.20646036323080819,
        "annual_vol": 0.15146686694352227,
        "sharpe": 1.3630727788658323,
        "max_drawdown": -0.14361420357885102
    },
    "lstm": {
        "annual_return": -0.020016134600674307,
        "annual_vol": 0.22761929328473077,
        "sharpe": -0.08793689810659401,
        "max_drawdown": -0.5801013993964056
    }
}