{
    "annual_return": 0.20646036323080819,
    "annual_vol": 0.15146686694352227,
    "sharpe": 1.3630727788658323,
    "max_drawdown": -0.14361420357885102
}